,brand,processor_brand,processor_name,processor_gnrtn,ram_gb,ram_type,ssd,hdd,os,os_bit,graphic_card_gb,weight,warranty,Touchscreen,msoffice,rating,Price,Number of Ratings,Number of Reviews
0,1,1,1,0,2,1,0,1,2,1,0,0,3,0,0,1,34649,3,0
1,5,1,1,0,2,1,0,1,2,1,0,0,3,0,0,2,38999,65,5
2,5,1,1,0,2,1,0,1,2,1,0,0,3,0,0,2,39999,8,1
3,1,1,2,0,3,1,6,0,2,0,1,0,3,0,0,2,69990,0,0
4,1,1,0,7,2,1,0,3,2,1,0,0,3,0,0,2,26990,0,0
5,1,1,0,7,2,1,0,3,2,1,0,0,3,0,0,2,22990,0,0
6,1,1,0,7,2,1,0,3,2,0,0,0,3,0,0,2,21990,31,3
7,1,1,2,0,3,1,0,1,2,0,1,0,3,0,0,2,58799,0,0
8,5,1,2,0,2,1,0,1,2,0,0,0,3,0,0,2,49999,0,0
9,7,0,8,0,2,1,0,3,2,0,2,0,3,0,0,3,59990,1946,240
10,7,0,8,0,2,1,0,3,2,0,3,0,3,0,0,3,93700,259,47
11,7,0,8,0,2,1,0,3,2,0,2,0,3,0,0,3,72990,425,67
12,2,1,0,7,2,1,0,3,2,1,0,0,3,0,0,2,17490,1120,196
14,1,1,1,1,2,1,4,0,2,1,0,0,3,0,0,2,35990,0,0
15,4,1,1,1,3,1,4,0,2,1,0,0,0,1,0,2,56490,0,0
16,4,1,2,1,3,1,4,0,2,1,0,0,0,0,0,2,65390,0,0
17,5,1,0,7,2,1,4,0,2,1,0,2,3,0,0,3,31999,286,19
18,4,1,0,7,3,1,4,0,2,1,0,2,3,0,0,3,32490,58,6
19,5,1,0,7,2,1,4,0,2,1,0,2,3,0,0,2,31799,0,0
20,1,1,0,7,2,1,4,0,2,1,0,0,3,0,0,3,29890,7,0
21,1,1,0,7,2,1,0,1,2,1,0,0,0,0,0,2,23990,15279,1947
22,4,1,1,4,2,1,0,1,2,1,0,0,3,0,0,3,32955,311,27
23,4,1,2,4,2,1,0,1,2,0,1,0,3,0,0,3,46200,47,7
24,1,1,1,1,2,1,4,0,2,1,0,2,3,0,0,3,34429,37,6
25,5,1,1,0,3,1,4,0,2,0,0,2,1,0,1,3,37990,2080,235
26,1,1,1,1,2,1,4,0,2,0,0,0,0,0,1,3,35990,1479,181
27,1,1,1,0,3,1,4,0,2,1,0,2,3,0,0,3,33980,67,3
28,4,1,1,1,3,1,4,0,2,1,0,2,0,0,1,3,39990,273,30
29,3,1,1,0,3,1,4,0,2,1,0,2,0,0,1,3,39490,1267,171
30,4,1,1,1,3,1,4,0,2,1,0,0,0,1,1,3,53990,14,0
31,7,1,1,1,3,1,4,0,2,1,0,2,0,0,0,2,38990,0,0
32,1,1,1,1,3,1,4,0,2,1,0,2,0,0,0,3,37990,284,39
33,1,1,1,1,3,1,4,0,2,1,0,0,0,0,1,3,37890,44,5
34,5,1,1,1,3,1,4,0,2,1,0,2,0,0,0,3,38990,33,4
35,5,1,1,0,3,1,4,0,2,1,0,2,3,0,0,3,37990,286,36
36,3,1,1,1,3,1,4,0,2,1,0,2,0,0,1,2,41990,10,5
37,1,1,1,1,3,1,4,0,2,1,0,0,0,0,0,3,45990,816,147
38,5,1,1,1,3,1,4,0,2,1,0,2,0,0,0,3,39990,543,65
39,3,1,1,1,3,1,4,0,2,1,0,2,3,0,0,3,42490,9,1
40,3,1,1,0,2,1,4,0,2,1,0,2,0,0,1,3,36990,1178,137
41,5,1,1,1,3,1,4,0,2,1,0,0,0,1,1,3,53990,299,41
42,1,1,1,1,3,1,4,0,2,1,0,2,3,0,0,3,36990,20,1
43,5,1,1,0,2,1,4,0,2,1,0,0,1,0,0,3,38940,758,64
44,3,1,1,0,2,1,4,0,2,1,0,0,0,0,1,3,39490,634,64
46,5,1,1,0,3,1,4,0,2,1,0,0,1,0,1,4,39999,4,0
47,3,1,1,1,3,1,4,0,2,1,0,2,0,0,0,3,42990,17,2
48,3,1,1,1,3,1,4,0,2,1,0,0,0,1,0,3,49990,24,5
49,3,1,1,1,3,1,4,0,2,1,0,2,0,0,1,3,41490,1753,165
50,3,1,1,1,3,1,4,0,2,1,0,2,3,0,0,3,41990,216,21
51,5,1,1,1,3,1,4,0,2,1,0,2,0,0,1,3,41990,1084,160
52,1,1,1,1,3,1,4,0,2,1,0,0,0,0,0,2,38490,19,3
53,5,1,1,1,2,1,4,0,2,1,0,2,0,0,1,3,38990,106,13
54,5,1,1,1,2,1,4,0,2,1,0,0,0,0,1,3,44990,42,4
55,5,1,1,0,2,1,4,0,2,1,0,2,3,0,0,2,36490,0,0
56,5,1,1,0,3,1,4,0,2,0,0,0,3,0,0,2,38970,0,0
57,4,1,1,1,2,1,4,0,2,1,0,2,0,0,1,3,44900,1029,107
58,6,1,1,0,2,1,4,0,2,1,0,2,3,0,0,3,38990,53,11
59,3,1,1,1,2,1,4,0,2,1,0,2,3,0,0,2,44427,0,0
60,1,1,1,0,2,1,4,0,2,1,0,0,0,0,0,2,35990,0,0
61,5,1,1,0,2,1,4,0,2,1,0,0,0,0,1,2,40200,48,1
62,5,1,1,0,2,1,4,0,2,0,0,0,3,0,0,2,40990,3,0
63,3,1,1,0,2,1,4,0,2,1,0,2,0,0,0,2,42490,0,0
64,7,1,0,7,2,1,0,3,2,0,0,0,3,0,0,2,23990,61,4
65,3,1,1,1,2,1,4,0,2,1,0,0,3,1,0,3,71999,97,13
66,1,1,1,1,2,1,4,0,2,1,0,0,0,0,0,3,39990,181,19
67,5,1,1,0,2,1,4,0,2,1,0,0,0,0,1,3,41998,529,39
68,1,1,1,1,2,1,4,0,2,0,0,0,3,0,0,2,41990,0,0
69,5,1,1,0,2,1,4,0,2,1,0,0,1,0,1,2,39999,0,0
70,1,1,1,0,2,1,4,0,2,0,0,0,3,0,0,2,39990,0,0
71,5,1,1,1,2,1,4,0,2,1,0,0,3,0,0,3,39998,10,1
72,4,1,1,1,2,1,4,0,2,1,0,2,0,0,1,3,42490,5205,561
73,5,1,1,0,2,1,4,0,2,0,0,0,3,0,0,2,41990,3,0
74,1,1,1,1,2,1,4,0,2,0,0,0,3,0,0,2,48490,0,0
75,4,1,1,1,2,1,4,0,2,1,0,2,0,0,1,3,44376,1090,96
76,3,1,1,1,2,1,4,0,2,0,0,0,3,0,0,2,43900,0,0
77,3,1,1,1,2,1,4,0,2,1,0,0,0,0,0,2,46690,0,0
78,5,1,1,0,2,1,4,0,2,0,0,0,3,0,0,4,40990,1,1
79,3,1,1,0,2,1,4,0,2,1,0,2,0,0,0,3,39990,44,2
80,5,1,1,1,2,1,4,0,2,1,0,2,3,0,0,2,43990,0,0
81,1,1,1,1,2,1,4,0,2,1,0,2,0,0,0,3,36990,70,9
82,3,1,1,1,3,1,4,0,2,1,0,0,0,0,0,2,48500,0,0
83,1,1,1,1,3,1,4,0,2,1,0,0,3,0,0,2,48990,0,0
84,1,1,0,7,2,4,0,3,2,0,0,0,3,0,0,3,23490,632,92
85,4,1,1,5,2,1,4,0,2,1,0,0,0,1,1,3,54238,71,8
86,1,1,1,0,3,1,6,0,2,1,0,0,0,0,0,3,37990,990,108
87,4,1,1,1,3,1,6,0,2,1,0,2,0,0,1,3,42990,158,18
88,4,1,1,1,3,1,6,0,2,1,0,2,0,0,1,3,42990,681,59
89,1,1,1,0,2,1,6,0,2,1,0,0,0,0,0,3,35990,130,12
90,1,1,1,1,3,1,6,0,2,1,0,0,0,0,0,3,42990,30,4
91,1,1,1,1,3,5,6,0,2,0,0,0,0,1,1,3,51990,6,2
92,1,1,1,1,3,1,6,0,2,1,0,0,0,0,0,3,48990,174,30
93,1,1,1,1,3,1,6,0,2,1,0,0,0,0,0,3,42990,40,7
94,5,1,1,0,3,1,6,0,2,1,0,2,0,0,0,2,38990,13,1
95,3,1,1,1,3,1,6,0,2,1,0,2,3,0,0,3,45990,184,29
96,4,1,1,0,3,1,6,0,2,1,0,2,0,0,1,3,42490,1296,126
97,4,1,1,1,3,1,6,0,2,1,0,2,0,0,1,3,43970,571,56
98,1,1,1,0,2,1,6,0,2,1,0,2,0,0,1,3,39990,2551,297
99,6,1,1,1,3,1,6,0,2,1,0,2,3,0,0,3,48990,17,3
100,4,1,1,1,3,1,6,0,2,1,0,0,0,0,1,3,54990,35,3
101,6,1,1,0,3,1,6,0,2,1,0,2,3,0,0,3,40990,118,17
102,1,1,1,1,3,1,6,0,2,1,0,2,0,0,1,2,41990,0,0
103,5,1,1,1,3,1,6,0,2,1,0,2,0,1,0,3,54990,245,34
104,1,1,1,1,3,1,6,0,2,1,0,0,0,0,1,3,44990,2058,305
105,4,1,1,1,3,1,6,0,2,1,0,0,0,0,0,3,41250,117,11
106,4,1,1,1,3,1,6,0,2,1,0,2,3,0,0,2,44990,0,0
107,1,1,1,1,3,1,6,0,2,1,0,0,0,0,0,3,42990,74,11
108,3,1,1,1,3,1,6,0,2,1,0,0,0,1,0,3,60790,10,1
109,4,1,1,1,3,1,6,0,2,1,0,0,3,0,0,3,45650,39,4
110,3,1,1,0,3,1,6,0,2,1,0,2,0,0,1,2,41990,29,7
111,3,1,1,0,3,1,6,0,2,1,0,2,0,0,0,3,45490,43,4
112,1,1,1,1,3,1,6,0,2,1,0,2,0,0,1,2,44990,0,0
113,5,1,1,1,3,1,6,0,2,1,0,2,1,0,1,3,42990,984,99
114,4,1,1,1,2,1,6,0,2,1,0,2,0,0,1,3,45490,523,66
115,4,1,1,0,2,1,6,0,2,0,0,0,3,0,0,3,38799,30,1
116,4,1,1,1,2,1,6,0,2,1,0,0,0,1,1,2,69267,0,0
117,1,1,1,1,2,1,6,0,2,1,0,0,0,0,1,2,51649,0,0
118,4,1,1,1,2,1,6,0,2,1,0,2,0,0,1,3,47990,1605,215
119,1,1,1,0,2,1,6,0,2,1,0,0,0,0,0,3,40990,4008,519
120,1,1,1,0,2,1,6,0,2,1,0,2,0,0,1,3,42990,1869,234
121,1,1,1,1,2,1,6,0,2,1,0,0,0,0,0,2,44890,7,0
122,1,1,1,0,2,1,6,0,2,1,0,0,0,0,0,3,41490,4008,519
123,4,1,1,1,2,1,6,0,2,0,0,2,0,0,0,2,50990,0,0
124,4,1,1,1,2,1,6,0,2,1,0,2,0,0,1,3,48900,1278,135
126,3,1,1,0,2,1,6,0,2,1,0,0,3,0,0,2,41790,0,0
127,5,1,1,1,2,1,6,0,2,1,0,0,0,1,1,2,57999,10,2
128,3,1,1,1,3,1,6,0,2,1,0,2,3,0,0,2,45930,0,0
129,4,1,1,1,3,1,6,0,2,1,0,0,0,1,1,3,55490,143,15
130,1,1,1,0,3,1,0,1,2,1,0,0,0,0,0,2,32890,28,4
131,5,1,1,0,3,1,0,1,2,1,0,2,0,0,1,3,35990,2124,233
132,3,1,1,1,3,1,0,1,2,1,0,2,3,0,0,3,42490,276,40
133,3,1,1,1,3,1,0,1,2,1,0,2,3,0,0,2,42190,250,21
134,3,1,1,0,3,1,0,1,2,1,0,2,0,0,1,3,39490,1917,189
135,4,1,1,1,3,1,0,1,2,1,0,2,0,0,1,3,43690,4999,490
136,1,1,1,0,2,1,0,1,2,1,0,0,0,0,0,2,35990,17,0
137,3,1,1,1,3,1,0,1,2,0,0,0,3,0,0,3,43800,17,0
138,5,1,1,0,3,1,0,1,2,0,0,0,3,0,0,2,38990,0,0
139,1,1,1,0,2,1,0,1,2,1,0,2,0,0,0,2,34990,4203,490
140,1,1,1,1,3,1,0,1,2,1,0,0,0,0,0,2,38900,13,0
141,3,1,1,0,2,1,0,1,2,1,0,2,0,0,0,2,39990,15,1
142,3,1,1,0,2,1,0,1,2,0,0,0,3,0,0,3,40890,527,46
143,5,1,1,0,2,1,0,1,2,1,0,2,0,0,0,2,36990,103,10
144,4,1,1,1,2,1,0,1,2,1,0,2,0,0,1,2,39990,324,45
145,4,1,1,1,2,1,0,1,2,1,0,2,0,0,1,3,41990,69,5
146,3,1,1,1,2,1,0,1,2,0,0,0,3,0,0,2,43970,16,0
147,4,1,1,1,2,1,0,1,2,1,0,2,0,0,0,2,39790,40,3
148,1,1,1,0,2,1,0,1,2,0,0,2,3,0,0,2,35590,12,1
149,4,1,1,0,2,1,0,1,2,1,0,2,0,0,1,2,36490,1146,175
150,1,1,1,0,2,1,0,1,2,1,0,2,0,0,1,3,38990,1850,216
151,1,1,1,0,2,1,0,1,2,0,0,2,3,0,0,2,33990,43,7
152,3,1,1,0,2,1,0,1,2,1,0,0,0,0,1,3,43400,231,26
153,1,1,0,7,2,4,0,3,2,0,0,0,3,0,0,3,24990,502,93
154,4,1,1,0,2,1,0,1,2,1,0,2,0,0,1,3,40750,1096,116
155,3,1,1,0,2,1,0,1,2,1,0,2,0,0,1,3,43000,313,35
156,1,1,1,0,2,1,0,1,2,1,0,0,3,0,0,3,38000,7,0
157,3,1,1,1,3,1,0,1,2,1,0,2,0,0,1,2,37990,265,46
158,4,1,1,4,3,1,0,1,2,1,1,0,3,0,0,3,49279,38,3
159,5,1,1,0,3,1,0,1,2,0,0,0,3,0,0,2,38999,7,2
160,1,1,1,1,3,1,0,1,2,0,0,0,3,0,0,2,41500,4,0
161,7,1,1,1,2,1,0,1,2,0,0,0,3,0,0,2,36999,0,0
162,3,1,1,1,3,1,0,1,2,0,0,0,3,0,0,2,42900,0,0
163,1,1,0,7,2,4,0,3,2,0,0,0,3,0,0,2,21490,818,113
164,3,1,1,1,3,1,0,1,2,0,0,0,3,0,0,2,41480,25,4
165,1,1,1,0,3,1,0,1,2,1,0,0,3,0,0,1,32990,12,0
166,1,1,1,1,3,1,0,1,2,1,0,0,0,0,0,2,38680,17,1
167,1,1,0,7,2,4,0,3,2,0,0,0,3,0,0,3,23990,974,170
168,3,1,1,0,3,1,0,1,2,1,0,2,3,0,0,2,40390,83,15
169,1,1,1,0,2,1,0,1,2,1,0,2,3,0,0,2,33990,31,6
170,1,1,0,7,2,4,0,3,2,0,0,0,3,0,0,2,20490,637,91
171,3,1,1,0,3,1,4,1,2,1,0,2,0,0,1,4,41490,7,5
172,3,1,1,1,3,1,4,1,2,1,0,0,3,0,0,3,45490,207,16
173,3,1,1,1,3,1,4,1,2,1,0,0,3,0,0,3,44490,844,103
174,1,1,1,1,3,1,4,1,2,1,0,0,0,0,1,3,41890,53,6
175,3,1,1,1,2,1,4,1,2,1,0,2,0,0,1,3,42990,62,7
176,7,1,1,1,3,1,4,1,2,1,0,0,3,0,0,3,40990,38,2
177,3,1,1,1,3,1,4,1,2,1,0,2,0,0,0,3,48990,724,92
178,3,1,1,1,2,1,4,1,2,1,0,2,0,0,1,2,43590,0,0
179,3,1,1,0,2,1,4,1,2,1,0,0,0,0,0,3,44690,9,0
180,1,1,1,0,2,1,4,1,2,1,0,0,3,0,0,2,40990,0,0
181,3,1,1,1,2,1,4,1,2,1,0,2,0,0,1,2,43990,0,0
183,3,1,1,0,2,1,4,1,2,1,0,2,0,0,1,3,41390,56,7
184,3,1,1,0,2,1,4,1,2,1,0,2,0,0,1,2,44290,0,0
185,3,1,1,1,2,1,4,1,2,1,0,0,0,0,0,2,48999,0,0
186,3,1,1,1,2,1,4,1,2,1,0,2,0,0,1,2,39990,170,11
187,3,1,1,0,3,1,4,1,2,1,0,2,3,0,0,1,46390,95,5
188,1,1,0,7,2,4,0,3,2,1,0,0,3,0,0,2,18990,197,25
189,1,1,0,7,2,4,0,3,2,0,0,0,3,0,0,2,17990,1180,148
190,4,1,0,7,2,1,0,3,2,1,0,0,3,0,0,2,26470,232,23
191,4,1,0,7,2,1,0,3,2,1,0,0,3,0,0,2,27990,596,65
192,5,1,0,7,2,1,0,1,2,0,0,0,3,0,0,2,29999,19,1
193,5,1,0,7,2,5,0,3,2,1,0,0,3,0,0,2,25990,84,16
194,5,1,0,7,2,4,0,3,2,0,0,0,3,0,0,2,16990,414,54
195,5,1,0,7,2,4,0,3,2,0,0,0,3,0,0,1,24990,70,16
196,7,1,2,7,3,2,0,3,2,0,2,0,3,0,0,3,50990,10966,1185
197,7,1,2,7,3,4,0,3,2,0,0,0,0,0,0,3,119990,1,1
198,7,1,2,0,3,4,0,3,0,0,0,0,3,0,0,3,94190,31,6
199,1,1,2,0,3,4,0,3,0,0,2,0,3,0,0,3,106167,1881,241
200,3,1,2,0,3,4,0,3,0,0,2,0,0,0,0,0,68090,23,4
201,3,1,2,0,3,4,0,3,0,0,0,2,0,0,0,2,139990,0,0
202,4,1,2,0,3,4,0,3,0,0,0,2,3,0,0,3,55990,818,109
203,4,1,2,0,3,4,0,3,0,0,2,0,3,0,0,2,102551,0,0
204,5,1,2,0,3,4,0,3,0,0,1,0,3,0,0,3,46990,4428,569
205,4,1,2,5,3,1,2,0,2,1,0,2,0,0,0,3,76012,129,16
206,5,1,2,1,3,1,4,0,2,1,0,0,1,0,1,3,49490,365,35
207,7,1,2,4,3,0,4,0,2,1,0,2,0,0,1,3,86867,39,3
208,1,1,2,1,3,1,4,0,2,1,0,2,0,0,0,2,48990,0,0
209,3,1,2,1,3,1,4,0,2,1,0,2,3,0,0,2,55990,3,0
210,7,1,2,5,3,0,4,0,2,1,0,2,0,1,1,3,81998,14,3
211,4,1,2,5,3,1,4,0,2,1,0,0,0,1,1,2,136590,0,0
212,7,1,2,5,3,1,4,0,2,1,0,2,0,0,0,2,59490,33,7
213,1,1,2,1,3,1,4,0,2,1,0,2,0,0,0,2,49800,0,0
214,5,1,2,1,3,1,4,0,2,1,0,0,0,0,1,1,61999,4,0
215,4,1,2,1,3,1,6,0,2,1,0,2,3,0,0,3,54990,116,15
216,4,1,2,1,3,1,6,0,2,1,0,2,0,0,0,3,53990,206,17
217,5,1,2,1,3,1,6,0,2,1,0,0,1,0,1,3,52990,300,24
218,4,1,2,1,0,1,6,0,2,1,0,2,0,0,1,3,67990,108,6
219,1,1,2,0,3,1,6,0,2,1,2,1,0,0,0,3,57990,3712,412
220,5,1,2,1,0,1,6,0,2,1,0,2,0,0,1,3,62300,825,95
221,5,1,2,1,3,1,6,0,2,1,0,2,0,0,0,2,52990,0,0
222,5,1,2,1,3,1,6,0,2,1,0,2,1,0,1,3,51990,85,4
223,5,1,2,1,0,1,6,0,2,1,0,2,3,0,0,3,61990,56,7
224,1,1,2,1,3,5,6,0,2,0,0,0,0,1,1,3,63990,10,1
225,5,1,2,1,3,1,6,0,2,1,0,0,0,0,1,3,65990,17,4
226,7,1,2,1,3,1,6,0,2,1,0,2,0,0,0,3,52990,155,20
227,5,1,2,0,3,1,6,0,2,1,0,2,0,0,0,2,49990,0,0
228,1,1,2,1,3,1,6,0,2,1,2,1,3,0,0,3,71990,91,17
229,1,1,2,0,3,1,6,0,2,1,0,0,0,0,0,3,47990,35,2
230,5,1,2,0,3,1,6,0,2,0,0,2,1,0,1,3,48490,126,13
231,1,1,2,1,3,1,6,0,2,1,2,1,3,0,0,3,72990,74,10
232,6,1,2,1,0,1,6,0,2,1,2,0,1,0,0,3,76990,75,17
233,1,1,2,1,0,1,6,0,2,1,3,1,0,0,1,3,89990,124,17
234,6,1,2,0,3,1,6,0,2,1,2,0,1,0,0,3,59990,1597,228
235,1,1,2,0,3,1,6,0,2,1,2,1,0,0,1,3,65990,3850,378
236,3,1,2,1,3,1,6,0,2,1,0,0,3,1,0,3,71990,7,1
237,3,1,2,1,3,1,6,0,2,1,0,0,3,1,0,3,71890,3,0
238,5,1,2,1,0,1,6,0,2,1,0,2,3,0,0,2,64990,0,0
239,1,1,2,1,0,1,6,0,2,1,0,0,0,0,0,2,65990,0,0
240,4,1,2,1,3,1,6,0,2,1,0,2,3,0,0,3,55999,5,1
241,1,1,2,1,0,1,6,0,2,1,2,0,0,0,0,3,73490,213,45
242,4,1,2,1,0,1,6,0,2,1,0,2,0,0,1,3,74490,10,0
243,4,1,2,1,3,1,6,0,2,1,0,2,0,0,1,3,58340,69,6
244,7,1,2,1,3,1,6,0,2,1,0,2,0,0,0,3,55999,6,0
245,3,1,2,1,0,1,6,0,2,1,0,2,3,0,0,3,67990,93,9
246,1,1,2,1,0,1,6,0,2,1,0,0,0,0,0,3,59990,11,2
247,1,1,2,1,0,1,6,0,2,1,3,0,0,0,1,3,82990,262,31
248,3,1,2,1,3,1,6,0,2,1,1,0,0,0,1,2,64190,0,0
249,3,1,2,1,0,1,6,0,2,1,0,2,3,0,0,3,70090,5,1
250,1,1,2,0,3,1,6,0,2,1,1,2,0,0,0,3,49990,45,3
251,6,1,2,1,3,1,6,0,2,1,0,2,3,0,0,2,55490,8,1
252,4,1,2,1,3,5,6,0,2,1,0,0,3,1,0,4,97990,3,1
253,1,1,2,6,3,1,6,0,2,1,2,1,0,0,1,3,54990,1681,227
254,5,1,2,1,3,1,6,0,2,1,0,2,0,0,1,3,59990,37,2
255,5,1,2,1,3,1,6,0,2,1,0,2,0,0,1,3,53990,61,2
256,4,1,2,1,0,1,6,0,2,1,0,2,0,0,1,3,66999,17,1
257,7,1,2,1,3,5,6,0,2,1,0,2,0,0,1,3,60990,17,1
258,1,1,2,0,3,1,6,0,2,1,0,2,0,0,1,3,47990,1625,152
259,4,1,2,1,3,1,6,0,2,0,0,2,0,0,1,3,59999,4,1
260,3,1,2,0,0,1,6,0,2,1,2,0,0,0,0,2,79990,0,0
261,1,1,2,0,3,1,6,0,2,1,2,1,0,0,0,2,63990,0,0
262,4,1,2,1,3,1,6,0,2,1,0,2,0,0,1,3,63990,17,1
263,1,1,2,1,0,1,6,0,2,1,0,0,0,0,0,2,59990,0,0
264,5,1,2,1,3,1,6,0,2,1,0,2,0,0,0,2,55990,0,0
266,4,1,2,1,3,1,6,0,2,1,0,2,0,0,1,3,63990,3,0
267,3,1,2,1,0,1,6,0,2,1,1,0,0,0,1,2,69490,0,0
268,3,1,2,1,0,1,6,0,2,1,0,0,0,1,1,2,89390,0,0
269,1,1,2,1,3,5,6,0,2,1,0,2,3,0,0,2,74990,0,0
270,5,1,2,1,3,1,6,0,2,1,0,0,2,1,1,3,64990,48,12
271,5,1,2,0,3,1,6,0,2,1,2,0,0,0,1,3,66490,282,36
272,3,1,2,1,0,1,6,0,2,1,1,0,0,0,1,2,89702,0,0
273,5,1,2,1,0,1,6,0,2,1,1,0,0,0,1,3,70990,67,4
274,1,1,2,1,0,1,6,0,2,1,0,0,0,1,1,2,58990,0,0
275,5,1,2,0,3,1,6,0,2,1,1,0,0,0,1,2,57500,0,0
276,3,1,2,1,3,1,6,0,2,1,1,0,0,1,1,3,79990,23,2
277,6,1,2,0,3,1,6,0,2,1,0,0,3,0,0,3,56541,677,87
278,1,1,2,1,0,1,6,0,2,1,0,2,3,0,0,2,59990,3,0
279,5,1,2,1,0,1,6,0,2,1,0,0,0,0,1,3,64990,46,4
280,3,1,2,1,3,1,6,0,2,1,0,2,0,0,0,2,61290,4,1
281,5,1,2,1,3,1,6,0,2,1,0,2,0,0,1,3,54990,9,1
282,5,1,2,1,3,1,6,0,2,1,0,0,0,0,1,3,59990,26,4
283,1,1,2,1,3,1,6,0,2,0,3,0,0,0,0,4,84990,5,0
284,4,1,2,1,3,1,6,0,2,1,0,2,0,0,1,3,72500,40,3
285,5,1,2,1,3,1,6,0,2,1,2,1,3,0,0,2,59990,44,6
286,5,1,2,1,3,1,6,0,2,1,0,0,0,1,1,3,87990,28,6
287,4,1,2,1,3,1,6,0,2,1,0,2,3,0,0,3,57990,1541,123
288,3,1,2,1,3,1,6,0,2,1,0,2,0,0,1,3,69490,72,7
289,5,1,2,1,3,1,6,0,2,1,0,0,2,1,1,3,68990,44,8
290,5,1,2,1,3,1,6,0,2,0,0,0,0,0,1,3,77990,17,2
291,1,1,2,1,3,5,6,0,2,1,0,0,0,1,0,3,105990,59,11
292,6,1,2,1,3,5,6,0,2,1,0,0,0,0,0,2,79990,0,0
293,3,1,2,1,3,1,6,0,2,1,0,2,0,0,1,3,55490,337,27
294,5,1,2,1,3,1,6,0,2,1,0,2,0,0,1,3,69990,10,2
295,1,1,2,1,3,1,6,0,2,1,0,0,0,1,1,3,84990,10,2
296,3,1,2,1,3,1,6,0,2,1,0,2,3,0,0,2,59990,31,7
297,3,1,2,0,3,5,6,0,2,1,0,2,0,0,1,2,111890,0,0
298,3,1,2,1,3,1,6,0,2,1,1,0,0,0,0,3,65990,10,0
299,1,1,2,1,3,5,6,0,2,0,0,0,0,0,1,3,72990,76,14
300,3,1,2,1,3,1,6,0,2,1,0,2,0,0,1,3,71090,44,6
301,6,1,2,1,3,1,6,0,2,1,2,0,1,0,0,2,74990,0,0
302,1,1,2,0,3,3,6,0,2,1,0,0,0,0,1,3,79990,11,3
303,6,1,2,1,3,1,6,0,2,1,0,0,0,0,0,3,55490,138,16
304,3,1,2,1,3,1,6,0,2,1,1,2,0,0,1,3,66490,199,17
305,1,1,2,1,3,1,6,0,2,1,0,0,0,0,1,3,53400,46,6
306,3,1,2,1,3,1,6,0,2,1,0,0,0,1,1,3,74500,45,5
307,3,1,2,1,3,5,6,0,2,1,0,2,0,0,1,2,114990,0,0
308,3,1,2,1,3,1,6,0,2,1,1,2,3,0,0,3,61990,35,4
309,0,1,2,0,3,5,6,0,1,1,0,0,0,0,0,3,159990,32,5
310,0,1,2,5,3,0,6,0,1,1,0,0,0,0,0,3,172090,108,13
311,6,1,2,1,3,1,6,0,2,1,2,0,3,0,0,2,74990,0,0
312,6,1,2,0,3,1,6,0,2,1,0,0,0,0,0,3,56490,814,112
313,5,1,2,0,3,1,6,0,2,1,0,2,2,0,0,2,147000,0,0
314,5,1,2,1,3,1,6,0,2,1,0,2,0,0,1,3,55990,75,9
315,4,1,2,1,3,1,6,0,2,1,2,1,0,0,1,2,77990,0,0
316,4,1,2,0,3,1,6,0,2,1,2,0,0,0,1,3,106490,3,0
317,5,1,2,1,3,1,6,0,2,0,1,0,0,0,1,3,70990,11,3
318,5,1,2,1,3,1,6,0,2,1,0,0,0,0,1,3,64990,125,11
319,7,1,2,1,3,1,6,0,2,1,0,0,0,0,0,2,57990,0,0
320,1,1,2,0,3,1,6,0,2,1,2,1,0,0,0,3,64990,4,0
321,6,1,2,0,3,1,6,0,2,1,0,0,0,0,0,3,54990,714,147
322,4,1,2,1,3,5,6,0,2,1,0,0,3,1,0,2,111999,0,0
323,5,1,2,0,3,5,6,0,2,1,1,0,0,0,1,3,70798,21,3
324,5,1,2,6,3,1,6,0,2,1,2,0,3,0,0,2,59990,9,1
325,7,1,2,5,3,1,6,0,2,1,2,0,0,0,0,2,99500,0,0
326,4,1,2,0,3,1,6,0,2,1,0,2,0,0,1,3,55990,30,4
327,1,1,2,5,3,3,6,0,2,1,0,2,0,0,0,3,72990,44,4
328,7,1,2,5,3,0,6,0,2,1,0,2,0,0,0,2,64990,4,1
329,1,1,2,1,3,1,6,0,2,1,0,2,3,0,0,2,57990,0,0
330,4,1,2,1,3,1,6,0,2,1,1,0,0,1,1,3,76990,14,2
331,5,1,2,1,3,1,6,0,2,1,0,0,1,0,1,3,62998,739,71
332,3,1,2,1,3,1,6,0,2,1,0,0,0,1,1,3,77990,31,5
333,4,1,2,0,3,1,6,0,2,1,0,0,0,1,1,3,114990,145,19
334,3,1,2,0,3,1,6,0,2,1,1,0,0,0,1,2,65990,0,0
335,3,1,2,1,3,1,6,0,2,1,1,0,0,0,1,2,88990,19,2
336,5,1,2,0,3,1,6,0,2,1,0,0,3,0,0,2,113590,0,0
337,1,1,2,1,3,5,6,0,2,1,0,0,0,1,1,3,73990,32,6
338,4,1,2,1,3,1,6,0,2,1,0,2,0,0,1,3,61000,1124,100
339,1,1,2,1,3,5,6,0,2,1,0,0,0,1,0,3,99990,35,6
340,5,1,2,1,3,1,6,0,2,1,0,2,0,0,1,3,67990,9,0
341,3,1,2,1,3,1,6,0,2,1,0,0,0,1,1,3,70799,98,6
342,5,1,2,1,3,1,6,0,2,1,0,2,0,0,1,3,65990,31,2
343,1,1,2,5,3,1,6,0,2,1,0,2,0,0,0,3,53690,19,3
344,6,1,2,1,3,1,6,0,2,1,0,2,0,0,0,2,55990,0,0
345,1,1,2,1,3,1,6,0,2,1,0,0,0,0,1,3,53190,11,0
346,5,1,2,0,3,1,6,0,2,0,1,0,1,0,1,3,58999,45,3
347,3,1,2,1,3,1,6,0,2,1,1,2,2,0,0,2,71990,0,0
348,4,1,2,1,3,1,6,0,2,0,2,0,3,0,0,2,82000,0,0
349,1,1,2,1,3,5,6,0,2,1,0,2,3,0,0,2,84990,0,0
350,5,1,2,1,3,1,6,0,2,1,1,0,3,0,0,2,89998,0,0
351,1,1,2,1,3,5,6,0,2,1,0,0,0,1,0,2,99990,0,0
353,5,1,2,0,3,1,6,0,2,1,2,1,3,0,0,3,69899,474,37
354,3,1,2,0,3,1,6,0,2,1,2,0,0,0,0,2,79990,0,0
355,3,1,2,0,3,1,6,0,2,1,2,0,0,0,0,3,76300,6,0
356,5,1,2,0,3,1,6,0,2,1,0,0,0,0,1,2,55999,0,0
357,3,1,2,1,3,1,6,0,2,1,0,2,3,0,0,2,72900,24,4
358,3,1,2,1,3,1,6,0,2,1,0,0,0,1,1,3,73990,195,17
359,1,1,2,1,3,4,6,0,2,1,0,2,3,0,0,2,84990,0,0
360,3,1,2,1,3,1,6,0,2,0,1,0,3,0,0,2,73519,0,0
361,4,1,2,0,3,1,6,0,2,1,0,0,0,1,0,4,126000,2,1
362,1,1,2,1,3,1,6,0,2,1,3,0,0,0,0,2,88990,0,0
363,4,1,2,1,3,1,6,0,2,1,0,2,0,1,1,2,114999,0,0
364,3,1,2,1,3,1,6,0,2,1,1,0,0,1,1,3,82990,21,2
365,7,1,2,1,3,1,6,0,2,1,0,2,3,1,0,2,109999,0,0
366,5,1,2,1,3,1,6,0,2,1,0,2,0,1,1,2,82990,0,0
367,3,1,2,1,3,1,6,0,2,1,1,0,0,1,1,3,79990,5,0
368,1,1,2,1,3,5,6,0,2,1,0,0,0,1,0,2,114990,0,0
369,4,1,2,1,3,5,6,0,2,1,0,0,0,1,0,2,129999,0,0
370,6,1,2,5,3,2,6,0,2,0,3,0,3,0,0,3,149990,10,3
371,3,1,2,1,3,1,6,0,2,1,1,0,3,0,0,2,71290,0,0
372,3,1,2,0,3,1,6,0,2,1,0,2,0,0,1,3,79500,10,1
373,3,1,2,0,3,1,6,0,2,1,1,0,0,0,1,2,82990,15,3
374,3,1,2,1,3,1,6,0,2,1,1,0,0,0,1,3,70980,138,23
376,4,1,2,1,3,1,6,0,2,0,0,0,3,0,0,2,94000,0,0
377,3,1,2,1,3,1,6,0,2,1,1,0,3,1,0,3,82990,16,3
378,6,1,2,1,3,5,6,0,2,1,0,0,0,0,0,3,79990,11,4
379,1,1,2,5,3,1,6,0,2,1,0,2,3,0,0,2,85990,0,0
380,1,1,2,0,3,1,6,0,2,1,1,0,3,0,0,2,86990,0,0
381,1,1,2,0,3,3,6,0,2,1,1,0,0,0,1,4,105990,4,0
382,1,1,2,0,3,3,6,0,2,1,0,0,3,0,0,2,84990,0,0
383,5,1,2,5,3,1,6,0,2,1,1,0,0,0,1,3,59999,22,3
384,5,1,2,1,3,1,6,0,2,1,0,0,0,0,1,3,91999,16,2
385,3,1,2,1,3,1,6,0,2,1,0,0,0,1,1,2,78900,16,1
386,1,1,2,0,3,3,6,0,2,1,0,0,3,0,0,2,132790,0,0
387,5,1,2,1,3,1,6,0,2,1,2,1,3,0,0,2,60990,14,6
388,2,1,2,4,3,1,6,0,2,1,0,2,3,0,0,2,65556,0,0
389,3,1,2,1,0,1,6,0,2,1,0,2,3,0,0,2,70190,6,3
390,3,1,2,1,3,1,6,0,2,1,1,0,0,1,0,2,79590,0,0
392,1,1,2,1,3,1,6,0,2,1,2,0,0,0,0,2,76990,0,0
394,2,1,2,5,3,1,6,0,2,1,0,2,3,0,0,2,44990,17,3
395,1,1,2,1,3,1,6,0,2,1,0,0,0,1,1,2,84990,17,2
396,5,1,2,0,3,1,6,0,2,1,1,0,0,1,1,3,86999,3,0
397,4,1,2,1,0,1,6,0,2,1,1,0,0,0,0,3,78000,512,85
398,2,1,2,5,3,1,6,0,2,1,0,2,3,0,0,2,73063,17,3
400,4,1,2,1,0,1,6,0,2,1,2,0,0,0,1,2,100990,0,0
401,5,1,2,5,3,1,6,0,2,1,0,2,0,0,1,2,74990,3,1
402,1,1,2,0,3,1,6,0,2,1,2,0,3,0,0,3,75990,1365,137
403,5,1,2,1,3,1,6,0,2,0,1,0,0,0,1,2,84086,8,3
404,1,1,2,1,3,1,1,0,2,1,2,1,3,0,0,3,75990,368,48
405,1,1,2,1,3,1,1,0,2,1,2,1,0,0,1,3,77990,202,26
406,1,1,2,0,3,1,1,0,2,1,2,0,0,0,0,3,77990,187,26
407,0,1,2,0,0,5,1,0,1,1,0,0,0,0,0,3,179990,31,3
408,0,1,2,0,0,5,1,0,1,1,0,0,0,0,0,3,179990,91,5
409,1,1,2,0,3,1,1,0,2,1,2,0,3,0,0,3,82990,844,118
410,1,1,2,1,3,1,1,0,2,1,2,0,0,0,0,2,87990,0,0
411,1,1,2,1,3,1,1,0,2,1,2,0,3,0,0,3,84500,3,0
412,3,1,2,1,3,5,1,0,2,1,0,2,3,0,0,3,74190,21,3
413,5,1,2,1,3,1,1,0,2,1,0,2,0,0,1,2,64990,4,0
414,5,1,2,0,3,1,6,3,2,1,0,2,2,1,0,2,155411,0,0
415,5,1,2,0,3,1,6,3,2,1,0,2,2,1,0,2,125394,0,0
416,7,1,2,1,3,1,0,1,2,1,0,0,3,0,0,2,49990,0,0
417,7,1,2,1,3,1,0,1,2,1,0,2,0,0,0,2,46990,253,28
418,3,1,2,1,3,1,0,1,2,1,0,2,0,0,1,2,48990,470,46
419,7,1,2,5,3,1,0,1,2,1,1,0,0,0,1,3,59999,118,28
420,1,1,2,0,3,1,0,1,2,1,0,2,0,0,0,3,46990,1444,179
421,6,1,2,0,3,1,0,1,2,1,2,0,1,0,0,3,52990,1114,137
422,5,1,2,4,3,1,0,1,2,0,1,0,3,0,0,2,57999,0,0
423,5,1,2,3,3,0,0,1,2,1,0,0,3,0,0,2,52490,78,17
424,5,1,2,5,3,1,0,1,2,1,2,0,0,0,0,3,56990,21,5
425,7,1,2,5,3,1,0,1,2,1,1,2,0,0,0,3,61990,73,21
426,3,1,2,1,3,1,0,1,2,0,0,0,3,0,0,2,58090,0,0
427,1,1,2,0,3,1,0,1,2,1,0,0,3,0,0,2,56990,0,0
428,7,1,2,5,3,1,0,1,2,1,0,2,0,0,0,2,61597,0,0
429,1,1,2,5,3,1,0,1,2,1,0,2,3,0,0,2,81990,0,0
430,1,1,2,0,3,1,0,1,2,1,0,0,3,0,0,2,61249,0,0
431,3,1,2,1,3,1,0,1,2,0,0,0,3,0,0,2,58990,0,0
432,1,1,2,0,3,1,0,1,2,1,1,0,3,0,0,2,83990,0,0
433,6,1,2,0,3,4,0,3,0,0,3,0,3,0,0,3,291190,7,3
434,6,1,2,0,3,4,0,3,0,0,3,0,3,0,0,3,145990,715,106
435,6,1,2,0,3,4,0,3,0,0,4,0,3,0,0,3,179990,24,5
436,4,1,2,5,3,1,0,1,2,1,1,0,0,0,1,3,64990,23,4
437,4,1,2,5,3,1,0,1,2,1,0,0,0,0,0,3,46790,3062,325
438,4,1,2,4,2,1,0,1,2,1,0,0,0,0,0,3,44599,122,12
439,7,1,2,5,3,1,0,1,2,1,1,0,0,0,0,3,72964,18,6
440,4,1,2,0,3,1,0,1,2,0,0,0,0,0,1,2,48790,11,1
441,7,1,2,0,3,1,0,1,2,1,1,0,0,0,0,2,56491,30,6
442,1,1,2,1,3,1,4,1,2,0,0,0,0,0,1,3,50990,1188,127
443,1,1,2,0,3,1,4,1,2,1,2,1,3,0,0,3,55990,23,0
444,7,1,2,1,3,1,4,1,2,1,0,0,0,0,0,3,57990,32,1
445,1,1,2,1,3,1,4,1,2,1,0,0,0,0,0,2,52990,0,0
446,3,1,2,1,3,1,4,1,2,1,0,0,0,0,0,3,57990,47,0
447,7,1,2,1,3,1,4,1,2,1,0,2,0,0,0,3,56990,27,2
448,7,1,2,1,3,1,4,1,2,1,0,0,3,0,0,2,55490,8,3
449,3,1,2,1,3,1,4,1,2,1,1,0,0,0,0,2,62490,157,20
450,1,1,2,1,0,1,4,1,2,1,0,0,0,0,0,3,64990,10,1
451,5,1,2,1,3,1,4,1,2,1,1,0,0,0,1,3,59990,52,4
452,1,1,2,1,3,1,4,1,2,1,1,0,0,0,1,3,60190,33,4
453,1,1,2,6,3,1,4,1,2,1,2,1,3,0,0,3,54490,343,47
454,5,1,2,6,3,1,4,1,2,1,2,0,0,0,1,3,60990,131,17
455,3,1,2,1,2,1,4,1,2,1,0,2,0,0,1,3,55790,41,4
456,1,1,2,1,0,1,4,1,2,1,0,0,0,0,1,3,64990,328,51
457,1,1,2,1,0,1,4,1,2,1,0,2,3,0,0,3,58990,6,1
458,3,1,2,1,3,1,4,1,2,1,0,2,0,0,1,2,54990,353,28
459,4,1,2,1,3,1,4,1,2,1,2,1,0,0,1,3,71990,127,20
460,3,1,2,1,3,1,4,1,2,1,1,0,0,0,0,2,69900,0,0
461,5,1,2,1,3,1,4,1,2,1,1,0,0,0,1,3,65990,241,19
462,1,1,2,1,3,1,4,1,2,1,0,0,0,0,0,2,49990,22,2
463,3,1,2,1,3,1,4,1,2,1,0,2,0,0,1,3,58990,8,1
464,5,1,2,0,3,1,4,1,2,1,2,1,3,0,0,3,74590,898,128
465,1,1,2,0,3,1,4,1,2,0,1,0,3,0,0,4,58990,1,1
466,1,1,2,1,3,1,4,1,2,1,0,0,0,0,0,2,64990,0,0
467,3,1,2,1,3,1,4,1,2,1,1,0,3,0,0,2,66490,6,1
468,3,1,2,0,3,1,4,1,2,1,2,0,3,0,0,3,77900,179,34
469,3,1,2,1,3,1,4,1,2,1,1,0,3,0,0,2,67490,41,5
470,3,1,2,1,3,1,4,1,2,1,0,2,0,0,1,2,61990,0,0
471,3,1,2,1,3,1,4,1,2,1,0,0,0,0,1,3,58990,114,9
472,5,1,2,0,3,1,4,1,2,1,2,1,3,0,0,3,74999,268,25
473,1,1,2,1,3,1,4,1,2,1,0,0,0,0,1,4,68900,6,1
474,3,1,2,1,3,1,4,1,2,1,1,0,3,0,0,3,71695,153,16
475,7,1,2,1,0,1,4,1,2,1,0,0,3,0,0,2,62490,8,0
476,3,1,2,5,3,1,0,2,2,1,1,0,0,0,1,3,62317,377,53
477,6,1,2,0,3,4,0,3,0,0,4,0,3,0,0,2,207290,0,0
478,3,1,3,5,0,1,4,0,2,1,2,0,0,0,1,3,87990,120,21
479,2,1,3,5,3,1,4,0,2,1,0,2,3,0,0,2,73990,0,0
485,1,1,3,0,0,1,6,0,2,1,0,0,0,0,0,3,57990,76,9
486,1,1,3,0,3,1,6,0,2,1,2,1,3,0,0,3,61990,11,2
487,6,1,3,0,0,1,6,0,2,1,2,0,1,0,0,3,79990,484,56
488,5,1,3,0,3,1,6,0,2,1,2,1,0,0,1,3,68990,44,2
489,5,1,3,1,0,1,6,0,2,1,0,0,0,1,1,3,85990,77,10
490,5,1,3,1,0,1,6,0,2,1,2,0,0,0,1,3,99990,11,3
491,1,1,3,1,3,1,6,0,2,1,0,0,0,0,1,3,77990,21,5
492,5,1,3,1,3,1,6,0,2,1,2,1,3,0,0,3,79990,5,2
493,4,1,3,1,0,1,6,0,2,1,2,0,0,0,1,4,93190,4,0
494,1,1,3,1,0,5,6,0,2,1,0,0,0,0,1,2,94990,0,0
495,5,1,3,1,0,1,6,0,2,1,0,0,2,1,1,3,84990,13,2
496,6,1,3,0,3,1,6,0,2,1,0,2,3,0,0,3,57990,15,0
497,4,1,3,1,0,1,6,0,2,1,0,0,0,1,1,3,102990,11,2
498,3,1,3,1,0,1,6,0,2,1,2,0,0,0,0,2,99990,0,0
499,1,1,3,1,0,1,6,0,2,1,2,1,3,0,0,3,94990,118,15
500,4,1,3,1,0,1,6,0,2,1,0,0,0,1,1,2,104000,0,0
501,6,1,3,1,0,1,6,0,2,1,1,0,3,0,0,2,76990,0,0
502,4,1,3,1,0,1,6,0,2,1,2,1,0,0,1,3,90190,6,1
503,5,1,3,1,0,1,6,0,2,0,0,0,3,1,0,2,88488,0,0
504,6,1,3,0,0,1,6,0,2,1,2,0,0,0,0,3,109990,138,30
505,6,1,3,1,0,1,6,0,2,1,2,0,3,0,0,2,86990,0,0
506,6,1,3,1,0,5,6,0,2,1,0,0,0,0,0,2,89990,0,0
507,4,1,3,0,0,3,6,0,2,1,0,0,0,1,1,2,239759,0,0
508,1,1,3,1,0,1,6,0,2,1,1,0,0,0,1,3,78990,35,4
509,3,1,3,5,0,0,6,0,2,1,0,2,0,0,1,0,121890,3,0
510,1,1,3,5,0,3,6,0,2,1,0,2,0,0,0,3,85990,18,0
511,6,1,3,1,0,1,6,0,2,1,2,0,1,0,0,2,94990,0,0
512,4,1,3,1,0,1,6,0,2,1,2,1,0,0,1,3,92000,8,1
513,4,1,3,0,0,1,6,0,2,1,0,0,0,1,0,2,162990,3,1
514,3,1,3,1,0,5,6,0,2,1,0,2,0,0,1,4,135300,5,2
515,6,1,3,1,0,1,6,0,2,1,0,0,3,0,0,3,64990,33,5
516,5,1,3,0,0,1,6,0,2,1,0,2,2,0,0,2,174527,0,0
517,5,1,3,0,0,1,6,0,2,1,0,2,3,0,0,2,162299,0,0
518,3,1,3,0,0,1,6,0,2,1,0,0,0,1,1,2,109190,0,0
519,4,1,3,1,0,1,6,0,2,1,0,0,0,1,1,2,99999,0,0
520,6,1,3,0,0,1,6,0,2,1,1,0,0,0,0,3,104990,85,9
521,1,1,3,1,0,5,6,0,2,1,0,2,3,1,0,2,109990,0,0
522,1,1,3,5,0,0,6,0,2,1,0,2,0,0,0,3,99990,30,7
523,5,1,3,5,0,1,6,0,2,1,1,2,3,0,0,2,244801,0,0
524,1,1,3,1,0,5,6,0,2,1,0,2,3,0,0,2,94990,0,0
525,5,1,3,5,0,1,6,0,2,1,0,2,0,0,1,2,86000,0,0
526,5,1,3,0,0,1,6,0,2,0,1,0,3,0,0,2,162399,0,0
527,4,1,3,1,0,1,6,0,2,0,0,0,3,0,0,2,119599,0,0
528,5,1,3,0,0,3,6,0,2,1,0,2,3,0,0,2,211753,0,0
529,5,1,3,1,0,1,6,0,2,0,0,0,3,0,0,2,110999,0,0
531,1,1,3,5,3,3,6,0,2,1,0,2,0,0,0,3,81990,40,4
532,6,1,3,6,3,1,6,0,2,1,2,0,1,0,0,3,66990,1639,230
533,6,1,3,0,0,1,1,0,2,1,3,0,1,0,0,3,84990,498,64
534,1,1,3,1,0,5,1,0,2,1,1,0,0,1,1,2,104990,0,0
535,1,1,3,1,0,5,1,0,2,1,0,0,0,1,0,2,134990,0,0
536,1,1,3,1,0,1,1,0,2,1,2,1,3,0,0,3,98990,445,56
537,4,1,3,0,0,1,1,0,2,1,3,0,0,0,1,3,144690,17,4
538,1,1,3,1,0,5,1,0,2,1,0,2,3,0,0,2,99990,0,0
539,6,1,3,1,0,1,1,0,2,1,3,0,1,0,0,3,119990,20,3
540,1,1,3,1,0,1,1,0,2,0,2,0,0,0,0,2,194990,0,0
541,1,1,3,0,0,3,1,0,2,1,1,0,0,0,1,3,124990,17,1
542,3,1,3,1,0,1,1,0,2,1,1,0,3,0,0,2,122410,0,0
543,4,1,3,0,0,1,1,0,2,1,0,0,0,1,0,3,179990,13,5
544,6,1,3,1,0,1,1,0,2,1,2,0,1,1,0,3,154990,3,2
545,5,1,3,1,0,5,1,0,2,1,0,0,0,0,1,2,122990,4,2
546,1,1,3,0,0,1,1,0,2,1,3,0,0,1,0,3,224990,9,0
547,6,1,3,2,0,2,1,0,2,1,4,0,3,0,0,2,279990,0,0
548,4,1,3,1,0,1,1,0,2,1,2,0,3,0,0,2,121990,0,0
549,4,1,3,1,0,1,1,0,2,1,2,0,3,0,0,2,116990,0,0
550,5,1,3,1,0,1,1,0,2,1,3,0,3,0,0,3,151098,7,0
551,6,1,3,1,0,1,1,0,2,1,4,0,1,0,0,3,129990,14,3
552,4,1,3,1,0,5,1,0,2,1,0,0,0,1,0,2,149999,0,0
553,6,1,3,2,0,1,1,0,2,1,3,0,3,0,0,3,139990,4,2
554,7,1,3,1,0,1,1,0,2,1,3,0,0,0,0,3,129990,54,7
555,4,1,3,1,0,1,1,0,2,1,4,0,0,0,1,2,171990,0,0
556,3,1,3,1,0,1,1,0,2,1,1,0,0,0,1,3,93955,4,0
557,1,1,3,0,0,1,1,0,2,1,4,0,3,0,0,2,234990,0,0
558,4,1,3,1,0,5,1,0,2,1,0,0,0,1,1,2,128500,3,1
559,5,1,3,1,0,1,1,0,2,1,0,0,0,1,1,3,102990,16,2
560,1,1,3,1,0,5,1,0,2,1,0,0,0,1,0,3,119990,8,1
561,1,1,3,1,0,1,1,0,2,0,3,0,3,0,0,2,120980,0,0
562,1,1,3,1,0,1,1,0,2,0,3,0,0,0,0,3,157249,7,0
563,5,1,3,6,0,1,1,0,2,1,2,2,3,0,0,2,229900,0,0
564,1,1,3,1,0,1,1,0,2,1,3,0,0,0,0,2,131500,0,0
565,1,1,3,0,0,3,1,0,2,1,0,0,3,0,0,4,154990,3,0
566,1,1,3,0,0,3,1,0,2,1,0,0,3,0,0,2,165990,0,0
567,5,1,3,0,0,5,1,0,2,1,0,2,3,0,0,1,119990,2,1
568,1,1,3,0,0,3,1,0,2,1,0,0,3,0,0,2,167990,0,0
569,4,1,3,1,0,5,1,0,2,1,0,0,0,1,0,2,165000,0,0
570,2,1,3,0,0,1,1,0,2,1,0,2,3,0,0,2,62990,207,49
571,5,1,3,1,0,4,1,0,2,1,0,0,0,0,1,2,85990,7,2
572,4,1,3,1,0,1,1,0,2,1,1,0,0,0,1,2,94990,0,0
573,4,1,3,1,0,1,1,0,2,1,3,0,0,0,1,2,136990,0,0
574,5,1,3,0,0,1,1,0,2,1,4,0,0,0,1,2,234990,0,0
575,7,1,3,0,0,1,3,0,2,1,4,0,0,0,0,2,159990,4,0
576,1,1,3,0,0,3,3,0,2,1,0,0,3,0,0,2,233990,0,0
577,1,1,3,0,0,1,0,1,2,1,1,0,3,0,0,2,93990,0,0
578,4,1,3,5,0,1,2,1,2,1,2,0,0,0,0,2,116941,0,0
579,6,1,3,0,3,1,4,1,2,1,2,0,1,0,0,3,63990,794,83
580,1,1,3,0,0,1,4,1,2,1,2,1,3,0,0,3,66990,25,4
581,1,1,3,1,0,1,4,1,2,0,0,2,3,0,0,2,82500,0,0
582,7,1,3,0,0,1,4,1,2,1,3,0,0,0,0,3,119990,2038,313
583,6,1,3,0,0,1,4,1,2,1,2,0,2,0,0,2,159990,0,0
584,1,1,3,5,0,1,4,1,2,1,0,2,3,0,0,2,98912,0,0
585,7,1,3,1,0,1,6,1,2,1,2,0,0,0,0,3,92990,214,37
586,7,1,3,1,0,1,6,1,2,0,3,0,0,0,0,3,119990,342,54
587,7,1,4,1,1,1,1,0,2,1,4,0,0,0,0,2,169990,0,0
588,7,1,4,1,0,1,1,0,2,1,3,0,0,0,0,2,139990,0,0
589,6,1,4,1,0,1,1,0,2,1,3,0,3,0,0,2,192990,0,0
590,1,1,4,2,0,2,1,0,2,1,3,0,3,0,0,2,299990,0,0
591,1,1,4,0,0,1,1,0,2,1,3,0,0,1,0,3,269990,8,1
592,1,1,4,1,0,1,1,0,2,1,3,1,0,0,0,2,139990,0,0
593,5,1,4,0,0,1,1,0,2,0,4,0,3,0,0,2,265998,0,0
594,1,1,4,1,0,1,5,0,2,0,3,0,0,0,0,4,441990,1,1
595,6,1,2,0,3,4,0,3,0,0,2,0,3,0,0,3,86990,218,27
596,6,1,2,0,3,4,0,3,0,0,3,0,3,0,0,3,109990,78,16
597,6,1,2,0,3,4,0,3,0,0,2,0,3,0,0,3,109590,5,2
598,1,1,3,0,0,5,0,3,0,0,3,0,3,0,0,2,146490,2,1
599,0,2,5,0,3,1,4,0,1,1,0,0,0,0,0,3,85990,6725,629
600,0,2,5,0,3,1,4,0,1,1,0,0,0,0,0,3,112990,640,70
601,0,2,5,0,0,1,4,0,1,1,0,0,0,0,0,3,104990,45,4
603,0,2,5,0,0,1,4,0,1,1,0,0,0,0,0,3,132990,640,70
606,0,2,5,0,0,1,6,0,1,1,0,0,0,0,0,3,149990,640,70
607,0,2,5,0,3,1,6,0,1,1,0,0,0,0,0,3,125990,399,45
608,0,2,5,0,3,1,6,0,1,1,0,0,0,0,0,3,103990,809,91
609,0,2,5,0,3,1,6,0,1,1,0,0,0,0,0,3,101990,809,91
610,0,2,5,0,3,1,6,0,1,1,0,0,0,0,0,3,104990,6725,629
611,0,2,5,0,3,1,6,0,1,1,0,0,0,0,0,3,131990,399,45
612,0,2,5,0,0,1,6,0,1,1,0,0,0,0,0,3,128990,45,4
613,0,2,5,0,0,1,6,0,1,1,0,0,0,0,0,3,184990,42,8
614,0,2,5,0,0,1,6,0,1,1,0,0,0,0,0,3,225990,42,8
615,0,2,5,0,2,1,6,0,1,1,0,0,0,0,0,3,124990,45,4
617,0,2,5,0,3,1,1,0,1,1,0,0,0,0,0,3,149990,640,70
618,0,2,5,0,0,1,1,0,1,1,0,0,0,0,0,3,169990,640,70
619,0,2,5,0,0,1,1,0,1,1,0,0,0,0,0,3,225990,42,8
620,0,2,5,0,0,1,1,0,1,1,0,0,0,0,0,3,243990,42,8
621,0,2,5,0,1,1,1,0,1,1,0,0,0,0,0,4,309990,3,1
623,1,1,6,7,2,5,0,3,2,1,0,0,3,0,0,2,45990,0,0
624,1,1,6,7,2,1,2,0,2,0,0,0,3,1,0,2,58100,0,0
625,1,1,6,7,3,5,4,0,2,1,0,0,0,1,0,2,62990,0,0
626,4,1,6,7,3,1,4,0,2,1,0,2,0,0,1,3,32990,77,9
627,1,1,6,7,2,1,4,0,2,1,0,2,0,0,1,3,33990,6,0
628,7,1,6,7,2,1,4,0,2,1,0,0,0,0,0,3,30990,465,89
629,3,1,6,7,2,1,4,0,2,1,0,2,0,0,0,3,36000,102,16
630,1,1,6,7,2,1,4,0,2,1,0,2,0,0,1,3,32990,7,1
631,3,1,6,7,2,1,4,0,2,1,0,0,0,0,0,2,35990,0,0
632,1,1,6,7,2,4,0,1,2,1,0,0,3,0,0,2,27990,0,0
633,1,1,6,7,2,1,0,1,2,1,0,0,0,0,0,2,25990,4741,658
634,1,1,6,7,2,1,0,1,2,1,0,0,0,0,0,2,25990,2736,350
635,1,1,6,7,2,1,0,1,2,1,0,0,3,0,0,2,30780,0,0
636,4,0,7,7,3,1,4,0,2,1,0,2,0,0,0,3,37990,2214,241
637,1,0,7,7,3,1,4,0,2,1,0,2,0,0,0,3,35990,2886,375
638,3,0,7,7,3,1,4,0,2,1,0,2,3,0,0,3,39490,34,4
639,3,0,7,7,3,1,4,0,2,1,0,2,3,0,0,3,36990,137,15
640,3,0,7,7,3,1,4,0,2,1,0,2,0,0,0,3,39990,7,0
641,1,0,7,7,2,1,4,0,2,1,0,2,0,0,0,3,33690,170,26
642,3,0,7,7,3,1,4,0,2,1,0,2,3,0,0,2,40590,0,0
643,1,0,7,7,2,1,4,0,2,1,0,0,0,0,0,3,37990,39,3
644,1,0,7,7,2,1,4,0,2,1,0,2,0,0,1,3,34500,2886,375
645,7,0,7,7,3,1,6,0,2,1,0,0,0,0,0,3,36990,11,2
646,4,0,7,7,3,1,6,0,2,1,0,2,3,0,0,3,43490,163,33
647,4,0,7,7,3,1,6,0,2,1,0,2,0,0,1,3,41490,153,21
648,7,0,7,7,2,1,6,0,2,1,0,0,3,0,0,2,34990,0,0
649,4,0,7,7,2,1,6,0,2,1,0,2,0,0,1,3,44490,267,42
650,3,0,7,7,2,1,6,0,2,1,0,2,3,0,0,2,40590,0,0
651,3,0,7,7,3,1,6,0,2,1,0,2,3,0,0,2,42090,3,0
652,3,0,7,7,3,1,0,1,2,1,0,2,0,0,1,3,35990,59,12
653,4,0,7,7,3,1,0,1,2,1,0,2,0,0,1,3,39490,7291,895
654,3,0,7,7,3,1,0,1,2,1,0,2,3,0,0,3,37390,38,5
655,3,0,7,7,2,1,0,1,2,1,0,2,0,0,1,2,52632,0,0
656,3,0,7,7,2,1,0,1,2,1,0,0,0,0,1,3,39990,409,39
657,3,0,7,7,2,1,0,1,2,1,0,0,0,0,0,2,43990,0,0
658,4,0,7,7,2,1,0,1,2,1,0,0,0,0,0,3,32917,353,58
659,5,0,7,7,2,1,0,1,2,1,0,0,3,0,0,2,34990,38,6
660,3,0,7,7,3,1,0,1,2,1,0,2,3,0,0,2,39990,18,4
661,4,0,7,7,3,1,4,1,2,1,0,0,0,0,1,3,41999,3524,432
662,3,0,8,7,3,1,4,0,2,1,0,0,0,0,1,3,41990,939,107
663,3,0,8,7,3,1,4,0,2,1,0,2,0,0,0,3,44490,14,1
664,3,0,8,7,3,1,4,0,2,1,0,0,0,0,1,3,41990,649,84
665,3,0,8,7,3,1,4,0,2,1,0,2,0,0,1,3,44490,8,2
666,6,0,8,7,2,1,4,0,2,1,0,0,0,0,0,2,49990,0,0
667,3,0,8,7,2,1,4,0,2,1,0,2,0,0,0,3,44390,276,24
668,4,0,8,7,3,1,6,0,2,1,2,0,0,0,0,3,57990,4740,532
669,5,0,8,7,3,1,6,0,2,1,2,1,0,0,1,3,56990,162,15
670,5,0,8,7,3,1,6,0,2,1,0,2,0,0,0,3,48990,219,27
671,4,0,8,7,3,1,6,0,2,1,0,2,0,0,1,3,49970,193,28
672,6,0,8,7,3,1,6,0,2,1,0,0,3,0,0,3,47990,562,89
673,4,0,8,7,3,1,6,0,2,1,0,2,0,0,1,3,48990,45,5
674,7,0,8,7,3,5,6,0,2,1,0,2,0,0,0,3,53990,7,0
675,5,0,8,7,3,1,6,0,2,1,0,0,0,0,1,3,52990,39,5
676,7,0,8,7,3,1,6,0,2,1,0,0,0,0,0,2,43990,0,0
677,5,0,8,7,3,1,6,0,2,1,2,1,3,0,0,3,59490,92,10
678,6,0,8,7,3,1,6,0,2,1,2,0,3,0,0,3,64990,469,80
679,3,0,8,7,3,1,6,0,2,1,0,2,3,0,0,1,47490,2,1
680,4,0,8,7,3,1,6,0,2,1,2,0,0,0,0,3,59990,1978,188
681,5,0,8,7,3,1,6,0,2,1,2,0,3,0,0,3,69990,9,0
682,4,0,8,7,3,1,6,0,2,1,2,0,0,0,0,3,58990,1049,134
683,3,0,8,7,3,1,6,0,2,1,0,2,0,0,0,3,59490,74,18
684,4,0,8,7,0,1,6,0,2,1,0,2,0,0,1,3,67500,196,19
685,4,0,8,7,3,1,6,0,2,0,0,0,3,0,0,3,48990,17,1
686,1,0,8,7,3,1,6,0,2,1,0,0,0,1,1,3,62450,172,36
687,1,0,8,7,3,1,6,0,2,1,0,0,0,0,0,3,58990,324,34
688,4,0,8,7,3,1,6,0,2,1,0,2,0,0,1,3,57999,86,15
689,1,0,8,7,0,1,6,0,2,1,0,0,3,0,0,3,56990,4,1
690,4,0,8,7,3,1,6,0,2,1,2,0,0,0,1,3,72990,16,4
691,4,0,8,7,0,1,6,0,2,1,0,0,0,0,1,3,65990,104,18
692,4,0,8,7,0,1,6,0,2,1,0,0,0,1,1,2,98020,0,0
693,4,0,8,7,0,1,6,0,2,1,1,0,0,0,1,3,63990,90,13
694,1,0,8,7,3,1,6,0,2,0,0,2,0,0,1,3,49890,6,1
695,3,0,8,7,3,1,6,0,2,1,0,2,0,0,1,3,49990,47,7
696,3,0,8,7,3,1,6,0,2,1,0,2,0,0,1,2,59490,0,0
697,4,0,8,7,3,1,6,0,2,1,0,0,0,1,1,3,73999,206,27
698,3,0,8,7,2,1,6,0,2,1,0,2,0,0,1,3,60990,183,42
699,3,0,8,7,2,1,6,0,2,1,3,0,3,0,0,3,76190,358,64
700,5,0,8,7,2,5,6,0,2,1,0,2,2,1,1,2,74798,0,0
701,1,0,8,7,2,1,6,0,2,1,0,0,0,0,0,3,58990,88,13
702,4,0,8,7,2,1,6,0,2,0,2,0,3,0,0,2,68100,0,0
703,5,0,8,7,2,1,6,0,2,1,0,2,0,1,1,2,77990,0,0
704,4,0,8,7,2,1,6,0,2,1,0,2,0,0,1,3,55090,364,52
705,1,0,8,7,2,5,6,0,2,1,0,0,3,1,0,2,91990,0,0
706,4,0,8,7,2,1,6,0,2,1,0,0,0,0,1,2,84208,0,0
707,7,0,8,7,2,1,6,0,2,1,0,0,0,0,0,3,44990,313,39
708,4,0,8,7,2,1,6,0,2,1,0,2,0,0,1,3,53490,826,118
709,5,0,8,7,2,1,6,0,2,1,2,0,3,0,0,2,76498,0,0
710,3,0,8,7,2,1,6,0,2,1,2,0,0,0,0,2,98920,0,0
711,6,0,8,7,2,1,6,0,2,1,0,0,3,0,0,3,54990,1410,203
712,7,0,8,7,2,1,6,0,2,1,0,0,0,0,0,3,49990,47,6
713,4,0,8,7,2,1,6,0,2,0,0,0,3,0,0,2,52380,0,0
714,7,0,8,7,2,1,6,0,2,1,0,2,0,0,0,3,49990,6,1
715,4,0,8,7,2,1,6,0,2,1,0,2,0,0,1,3,52500,741,67
716,1,0,8,7,2,1,6,0,2,1,0,2,0,0,1,3,49990,14,2
717,7,0,8,7,2,1,6,0,2,1,0,2,0,0,0,2,75999,0,0
718,1,0,8,7,2,1,6,0,2,1,0,0,0,0,0,2,80990,0,0
719,5,0,8,7,2,1,6,0,2,0,0,0,0,0,0,2,59900,3,0
720,4,0,8,7,2,1,6,0,2,1,0,2,0,0,1,3,54590,349,69
721,3,0,8,7,2,1,6,0,2,1,0,0,0,1,1,2,75500,0,0
722,4,0,8,7,3,1,6,0,2,1,0,2,0,0,1,3,51890,519,48
723,1,0,8,7,0,1,6,0,2,1,0,0,0,0,0,1,78000,3,0
724,4,0,8,7,0,1,6,0,2,1,0,2,0,0,1,3,59999,19,1
725,4,0,8,7,3,1,6,0,2,1,2,1,0,0,1,2,64990,8,1
726,3,0,8,7,2,1,1,0,2,0,0,0,3,0,0,3,57900,3,1
727,5,0,8,7,2,5,1,0,2,1,0,2,2,1,1,2,81978,0,0
728,4,0,8,7,2,1,0,1,2,1,2,1,0,0,0,3,59990,1480,151
729,3,0,8,7,3,1,4,1,2,1,0,0,3,0,0,3,49490,31,3
730,1,0,8,7,3,1,4,1,2,1,0,0,0,0,0,3,54990,18,3
731,5,0,8,7,3,1,4,1,2,1,2,0,3,0,0,3,68500,271,24
732,1,0,8,7,3,1,4,1,2,1,0,0,0,0,0,3,54990,49,6
733,1,0,8,7,3,1,4,1,2,0,0,0,0,0,1,3,54990,474,65
734,5,0,8,7,3,1,4,1,2,1,0,1,0,0,1,3,63990,861,116
735,4,0,8,7,2,1,4,1,2,1,2,1,0,0,0,3,80000,34,6
736,3,0,8,7,2,1,4,1,2,0,0,0,3,0,0,2,51990,0,0
737,1,0,8,7,2,1,4,1,2,1,0,0,0,0,1,3,62990,165,34
738,4,0,8,7,2,1,4,1,2,1,0,2,0,0,0,3,52990,698,74
739,1,0,8,7,2,1,4,1,2,1,0,2,0,0,1,2,75100,0,0
740,1,0,9,7,0,1,6,0,2,0,2,1,3,0,0,3,76990,22,3
741,1,0,9,7,0,1,6,0,2,1,2,0,0,0,0,2,79990,0,0
742,1,0,9,7,3,1,6,0,2,1,2,0,3,0,0,3,71990,144,16
743,1,0,9,7,3,1,6,0,2,1,2,0,3,0,0,3,71990,1810,235
744,5,0,9,7,0,1,6,0,2,1,2,0,0,0,1,3,99990,26,1
745,1,0,9,7,0,1,6,0,2,1,0,0,0,0,0,2,79990,0,0
746,3,0,9,7,0,1,6,0,2,1,2,0,0,0,0,2,93990,0,0
747,1,0,9,7,0,1,6,0,2,1,2,1,3,0,0,3,82990,1067,145
748,1,0,9,7,2,2,6,0,2,1,2,0,3,0,0,2,106990,0,0
749,1,0,9,7,2,1,6,0,2,1,0,0,0,0,0,3,92990,25,4
750,5,1,9,7,2,1,6,0,2,0,2,0,2,0,1,2,81490,0,0
751,1,0,9,7,2,1,6,0,2,1,0,0,0,0,1,2,56990,0,0
752,6,0,9,7,2,1,6,0,2,1,0,0,3,0,0,2,64990,0,0
753,5,0,9,7,2,1,6,0,2,1,0,0,0,0,1,3,60990,530,69
754,5,0,9,7,2,1,6,0,2,1,2,0,0,0,1,2,84988,0,0
755,4,0,9,7,2,1,6,0,2,1,2,0,0,0,0,3,90990,273,40
756,1,0,9,7,2,1,6,0,2,1,0,0,0,0,0,3,63990,77,7
757,5,0,9,7,2,1,6,0,2,1,0,0,0,0,1,3,63990,105,10
758,4,0,9,7,2,1,6,0,2,1,0,2,0,0,1,3,57999,44,5
759,1,0,9,7,2,1,6,0,2,0,2,0,3,0,0,2,72400,0,0
760,5,0,9,7,2,1,6,0,2,1,0,0,0,1,0,3,78990,6,0
761,7,0,9,7,2,1,6,0,2,1,0,2,0,0,0,2,59990,0,0
762,1,0,9,7,2,2,6,0,2,0,2,0,0,0,0,2,111990,0,0
763,4,0,9,7,2,1,6,0,2,0,0,0,3,1,0,2,109000,0,0
764,3,0,9,7,2,1,6,0,2,1,3,0,3,0,0,3,89990,191,27
765,5,0,9,7,2,1,6,0,2,1,0,0,2,1,1,2,78988,0,0
766,5,0,9,7,2,1,6,0,2,1,2,0,3,0,0,2,73138,4,1
767,5,0,9,7,2,1,6,0,2,1,2,0,0,0,0,2,106990,0,0
768,1,0,9,7,2,1,6,0,2,0,2,0,3,0,0,2,79990,0,0
769,3,0,9,7,2,1,6,0,2,1,0,0,0,1,1,2,89570,0,0
770,4,0,9,7,2,1,6,0,2,1,0,2,0,0,1,3,68500,134,22
771,5,0,9,7,0,1,6,0,2,1,0,0,0,0,0,2,73400,0,0
772,4,0,9,7,0,1,6,0,2,1,1,0,0,0,1,2,79990,23,6
773,4,0,9,7,0,1,6,0,2,1,2,1,0,0,1,1,84990,4,2
774,6,0,9,7,0,1,1,0,2,1,4,0,0,0,0,3,99990,108,24
775,1,0,9,7,3,5,1,0,2,1,2,0,3,0,0,3,72990,198,24
776,4,0,9,7,0,1,1,0,2,1,0,2,0,1,1,2,92990,0,0
777,4,0,9,7,0,1,1,0,2,1,0,2,0,0,1,2,84190,0,0
778,1,0,9,7,0,5,1,0,2,1,0,0,3,1,0,2,112990,0,0
779,1,0,9,7,2,2,1,0,2,0,2,0,0,0,0,2,114990,0,0
780,7,0,9,7,2,1,1,0,2,1,2,0,0,0,0,2,99990,0,0
781,1,0,9,7,2,1,1,0,2,0,2,1,3,0,0,3,95990,57,3
782,4,0,9,7,2,1,1,0,2,1,4,0,0,0,0,3,159990,17,2
783,1,0,9,7,2,1,1,0,2,1,0,0,0,0,1,2,76990,0,0
784,5,0,9,7,2,1,1,0,2,1,3,0,0,0,1,2,130990,0,0
785,1,0,9,7,2,1,1,0,2,1,0,0,0,0,0,2,99990,0,0
786,1,0,9,7,2,2,1,0,2,1,2,0,3,0,0,2,112990,0,0
787,5,0,9,7,2,1,1,0,2,1,0,0,0,0,1,2,77988,0,0
788,1,0,9,7,2,1,1,0,2,1,0,0,0,0,1,4,76000,1,1
789,1,0,9,7,2,5,1,0,2,1,2,0,0,1,0,3,99990,77,15
790,1,0,9,7,2,1,1,0,2,1,0,0,0,0,0,2,111000,0,0
791,1,0,9,7,0,5,1,0,2,1,0,2,0,0,1,2,84970,2,1
792,4,0,9,7,0,1,4,1,2,1,2,1,0,0,1,3,75990,1084,123
793,7,0,9,7,0,1,4,1,2,1,3,0,0,0,0,3,89990,272,36
794,7,0,9,7,0,1,4,1,2,1,2,0,3,0,0,3,81990,141,24
795,5,0,9,7,2,1,6,1,2,0,0,0,3,0,0,2,80490,0,0
796,1,0,10,7,0,1,1,0,2,1,3,0,0,0,0,2,135990,0,0
797,1,0,10,7,0,1,1,0,2,0,0,0,0,0,0,3,154990,194,42
798,1,0,10,7,0,1,1,0,2,1,4,0,0,0,1,3,199990,9,2
799,1,0,10,7,0,1,1,0,2,1,2,0,3,0,0,3,114990,28,4
800,1,0,10,7,0,1,1,0,2,1,3,0,0,0,1,3,129990,204,35
801,1,0,10,7,0,5,1,0,2,1,2,0,0,1,1,3,114990,32,6
802,6,0,10,7,2,1,1,0,2,1,0,0,3,0,0,2,146990,0,0
803,1,0,10,7,2,1,1,0,2,1,0,0,0,0,0,3,104990,14,2
804,1,0,10,7,2,5,1,0,2,1,2,0,0,1,0,3,114990,14,1
805,1,0,10,7,2,5,1,0,2,1,2,0,0,1,1,4,124990,3,0
806,1,0,10,7,2,5,1,0,2,1,0,0,3,1,0,2,134990,0,0
807,4,0,10,7,2,1,1,0,2,1,4,0,0,0,1,2,141990,0,0
808,1,0,10,7,2,1,1,0,2,1,0,0,0,0,0,2,129990,0,0
809,1,0,10,7,2,5,1,0,2,1,2,0,0,1,1,3,142990,4,1
810,1,0,10,7,2,1,1,0,2,1,0,0,0,0,0,2,121990,0,0
811,1,0,10,7,2,5,1,0,2,1,2,0,0,1,1,3,124990,44,12
812,1,0,10,7,2,1,1,0,2,1,3,0,3,0,0,3,141990,61,13
813,1,0,10,7,2,1,1,0,2,1,2,0,0,0,0,2,162990,0,0
814,1,0,10,7,2,1,1,0,2,1,0,0,0,0,0,2,130500,0,0
815,1,0,10,7,2,1,1,0,2,1,2,0,3,0,0,2,116990,0,0
816,1,0,10,7,2,1,1,0,2,0,3,0,3,0,0,2,138990,0,0
817,1,0,10,7,2,5,1,0,2,1,2,0,0,1,1,2,234990,0,0
818,1,0,10,7,2,1,1,0,2,1,0,0,0,0,0,2,135990,0,0
819,1,0,10,7,2,1,1,0,2,1,0,0,0,0,0,2,144990,0,0
820,1,0,10,7,2,1,1,0,2,1,2,0,0,0,0,2,149990,0,0
821,1,0,10,7,2,1,1,0,2,1,2,0,0,0,0,2,142990,0,0
822,5,0,8,0,3,1,6,0,0,1,0,2,3,0,0,3,57490,18,4
